avg_inventors,cnt,filing_year
1.2116093123277114,189727,1945
1.2774988589685092,190617,1950
1.3522834860648136,227087,1955
1.4126704965852244,258143,1960
1.488790172557574,311780,1965
1.6233109803384864,328815,1970
1.696205913533824,351837,1975
1.7916768235647598,352798,1980
1.9627255764302127,453394,1985
2.12509074049319,590971,1990
2.2943457619357384,908469,1995
2.494606322297644,2155672,2000
2.5975299626757864,2744331,2005
2.749232866516897,3192404,2010
2.910236414648235,3698248,2015