division, avg_top3
N & S,        397699.3333333333
P & A,        244691
PC,        10045.666666666666
